,genel_nit_is_tanimi,ilan_baslik,label
0,tanimi pazarlama ekibinin sorumlu oldugu alanlar dahilinde olusan projeler iyilestirme talepleri icin gereken tasarim analizleri yapmak birimlerden gelen taleplerin ihtiyaclarin sorunlarin analizinde production daki sorunlarin arastirilip incelenmesinde cozumunde destek vermek gelistirilen sistemlerin performansini takip etmek verim artirici iyilestirmeleri planlamak birimleri analistlerle araya gelerek iyilestirici faaliyetler gelistirmek musteri taleplerini belirlemek ihtiyaclari karsilayacak stratejiler gelistirmek musteriler ilgili toplanan verileri yonetmek musteri davranislarini etkileyen anahtar kriterleri belirlemek analiz etmek ilgili konularda anketler duzenlemek onlari analiz etmek hedeflerine ulasmak icin yapisal degisiklikler planlamak yurutmek pazar egilimlerini tespit etmek veya kampanyalara verilen yanitlari degerlendirmek icin veri analizi yapmak daha etkili reklam kampanyalari gelistirmek icin pazarlama departmanlari birligi icerisinde calismak gereksinimlerini tanimlamak ilgili birimlere raporlama yapmak genel teli kler universitelerin endustri muhendisligi matematik statistik ktisat sletme ilgili bolumlerinden mezun ngilizce bilgisi duzeyde olan seyahat engeli olmayan konusunda bilgili laninda senelik deneyim sahibi ekip calismasina uyumlu maliyet fayda analizi yapabilen letisim analiz raporlama sunum becerileri guclu office temel bilgisine sahip karmasik verileri sade sekilde aciklayabilecek sozlu yazili iletisim becerisine sahip coklu tanimlarini onceliklendirebilmek icin zaman yonetimini dogru planlayabilen,analisti yetkili uzmani,sap
1,mercedes benz turk bayii koluman motorlu araclar stanbul sancaktepe subesi gorev alacak asagidaki niteliklere sahip ekte alan tanimi cercevesinde calisacak elemani aranmaktadir meslek yuksek okulu mezunu benzer pozisyonda deneyim sahibi arastirma yapmaya pazarlama faaliyetlerine asina office programlarina hakim tercihen mercedes benz turk sistemi autoline kullanmayi bilen dikkatli ozenli calisabilen anadolu yakasinda ikamet eden tanimi autoline sistemine datalarin islenmesi kontrol edilmesi duzeltilmesi,elemani stanbul,sap
2,marka magazacilik bunyesinde bulunan network divarese markalariyla yilindan yana modaya perakende sektorune vermeye devam ediyor genel nitelikler marka magazacilik bilgi teknolojileri departmani gorevlendirilmek uzere universitelerin bilgisayar programciligi muhendisligi veya ilgili bolumlerinden mezun modulleri retail konusunda tecrubeli projesinin sureclerinde gorev almis yorumlayacak debug edecek kadar abap bilgisine sahip depo entegrasyonlari konusunda tecrubeli takim calismasina yatkin farkli proje ekipleriyle uyum icerisinde calisabilecek analitik dusunebilme problem cozme yetkinliklerine sahip teknik literaturu takip edebilecek duzeyde ngilizce bilgisine sahip bilgi teknolojileri sistemleri birim yoneticisi pozisyonunda gorev alacak ekip arkadasi ariyoruz tanimi retail modullerine destek verilmesi birimlerine ihtiyaclarin belirlenmesi degerlendirilmesi onceliklendirilmesi uygulamalarini arastirarak bilgiler dogrultusunda sisteminde iyilestirmeler yapilmasi gelen ihtiyaclarina uygun cozumlerinin bularak sistemde uyarlamalarinin yapilmasi gelistirme ihtiyaclari icin teknik dokuman hazirlanmasi danisman testlerinin gerceklestirilmesi,sistemleri birim yoneticisi,sap
3,turki petrolleri buyuyen organizasyonunda gorevlendirilmek uzere asagidaki niteliklere sahip abap uzmani aranmaktadir iversitelerin ilgili muhendislik bolumlerinden mezun tercihen bilgisayar veya endustri muhendisligi abap programlama dilinde tecrubesi olan tercihen fiori veya javascript konularinda deneyimli tercihen hana sistemleri uzerinde gelistirme yapmis olmak yazilim gelistirme spec hazirlama veri mimarisi test surecleri konularinda tecrubeli problem cozumunde yaratici analitik bakis guclu tercihen derecede ngilizce bilgisine sahip erkek adaylar icin askerligini tamamlamis stanimi birimlerinden gelen talepleri abap kodlama standartlarina uygun olarak gelistirmek gunluk olarak onceliklerine gore olusan programsal hatalari problemleri cozmek diger sistemler arasinda entegrasyonlari gelistirmek yapilan gelistirmelerin temel birim testlerini ilgili kisiler birlikte gerceklestirme uygulamaya teknik tasarim dokumantasyonu olusturmak yazilimi kapsaminda bulunan diger teknolojilerde hana gerektigi durumlarda gelistirme yapabilme sorumluluklarini ustlenmek,abap uzmani,sap
4,turki petrolleri buyuyen organizasyonunda gorevlendirilmek uzere asagidaki niteliklere sahip muduru aranmaktadir universitelerin bilgisayar bilgisayar programciligi bilgisayar muhendisligi elektronik veya matematik muhendisligi bolumlerinden mezun alaninda yillik tecrubesine sahip projesini bastan sona yonetmis yazilim gelistirme surecleri metodolojileri konusunda bilgi sahibi yazilim projelerinde ihtiyac analizi konusunda calismis konularda bilgi deneyim sahibi veri ambari business objects raporlama platformlari uzerinde calismis tercihen hana proje tecrubesi olan tercihen veritabani yonetimi yapmis yazilim uygulama platformlarinda test senaryolari uretme uygulama konularinda deneyim sahibi farkli yazilim platformlari arasindaki entegrasyonlari yonetmis yeni teknoloji uygulamalara hizla uyum saglayabilme becerisine sahip analitik dusunce yapisina sahip arastirmaktan ogrenmekten keyif duyan erkek adaylar icin askerlik iliskisi bulunmayan tanimi basta kurumsal yazilimlari olmak uzere zulfikarlar holding kullanilan yazilimlarla ilgili kullanici ihtiyaclarini analiz edecek surec analistleriyle kullanicilarla bolum yetkilileriyle varsa ilgili danisman firmalarla koordineli calisacak kurumsal yazilimlarin gelistirilmesi iyilestirilmesi yeni teknolojilerin uyarlanmasi icin gerekli adimlari atacak cesitli yazilimlarla ilgili entegrasyon adimlarini periyodik olarak takip edecek yeni entegrasyon sureclerini yonetecek diger yazilim uygulamalarda test canli sisteme gecis sureclerini yonetecek kurumsal yazilimlarin butcesini hazirlayacak izleyecek raporlayacak verimliligi artiracak maliyetleri dusurecek cozumler uretecek uygulama gelistirme sureclerinde sorumluluk alacaktir,muduru,sap
5,turki markasi turki petrolleri buyuyen organizasyonunda gorevlendirilmek uzere asagidaki niteliklere sahip uzmani aranmaktadir universitelerin ilgili muhendislik bolumlerinden mezun tercihen bilgisayar veya endustri muhendisligi modullerinde tecrubesi olan tercihen modulunde calismis lgili modullerde kullanici destegi vermis tercihen hana sistemleri uzerinde calismis departmanlarin ihtiyaclarina uygun cozum uretebilecek guclu iletisim yetenegine sahip tercihen derecede ngilizce bilgisine sahip erkek adaylar icin askerligini tamamlamis tanimi birimlerinin ihtiyaclarinin belirlenmesi analizi onceliklendirilmesi uyarlanmasi gerektiginde gelistirilmesi talep beklentilerin yonetilmesi danismanlara aktarilmasi gereken konularda yoneticisi ilgili anahtar kullanicilarla birlikte iletisimin saglanmasi yapilan yeni uygulamalarin test canliya aktarim calismalarinin yurutulmesi canli kullanim destegi verilmesi raporlama ihtiyaclari modul gelistirmeleri icin abap uzmani birlikte calisilmasi konusuyla ilgili entegrasyonlarin yonetilmesi gerekli dokumantasyonlarin yapilmasi,uzmani,sap
6,arkadasimiz nasil olmali lisans mezunuysan tercihen bilgisayar bilimleri ekonometri istatistik matematik veya muhendislik fakultelerinden mezun leri seviyede ngilizce bilgisine sahipsen spss veya python araclariyla veri madenciligi yapma siniflandirma kumeleme modelleri gelistirme konularinda deneyimliysen analitik konularinda deneyimliysen veri yonetimi surecleri database yapilari hakkinda bilgi sahibiysen microsoft office uygulamalarina ozellikle excel powerpoint hakimsen tercihen proje yonetiminde deneyimliysen senden yapmani bekliyoruz musteri performansi degerini yonetmek adina projeler uretmeni yurutmeni musteri segmentasyon modelini gelistirmek segment aksiyonlari uretmeni etkilerini olcmeni musteri tutundurma deger arttirma aksiyonlarina yonelik analitik tahminleme modelleri olusturmani islevdeki mevcut modelleri gelistirmeni aksiyonlarin tasarim gelistirme uygulama olcum asamalarini ilgili birimlerle birlikte yurutmeni musteri veri kalitesini yukseltmek musteri veri havuzunu zenginlestirmek icin aksiyonlar gelistirmeni uygulatmani musteri verisinin elden yonetimini saglamani sirketin farkli birimlerinin butunsel musteri verilerine iliskin analiz ihtiyaclarini karsilamani musteri sayilari ilgili duzenli olarak yayinlanan raporlari olusturmani gerekli yurtdisi birimleriyle paylasmani bekliyoruz gelecege tutkuyla yuruyenlerin tercihi olan allianz yerini almak ister misin allianz ulkede genc dinamik calisaniyla kocaman aile ailede tutkuyla baslar sektorun okulunda hedeflerine tutkuyla yurumek kesfederek eglenerek calismak keyifli buyuk takimla basarmanin tadini alarak yeniligin pesinde olmak istersen seni aramiza bekliyoruz yukaridaki maddeler seni anlatiyor sana gore olan tanimini tutkuyla basariyla yerine getirebilecegine inaniyorsun yeni arkadasimiz olmak icin bekliyorsun seni musteri data analitigi yonetimi uzmani pozisyonumuza basvurmaya bekliyoruz,musteri data analitigi yonetimi uzmani,sap
7,improva alaninda yurtici yurtdisinda sektorel cozumler ureten uzun yillarin getirdigi bilgi birikimini projelere basariyla yansitan bircok alanda basarili projeler ureten danismanlik teknoloji sirketidir yurtici yurtdisi projelerimiz icin abap danismani olarak yetistirilmek uzere universitelerin muhendislik bolumlerinden mezun tercihen bilgisayar elektronik derecede ngilizce bilen yurtici yurtdisi seyahat engeli bulunmayan ekip calismasina yatkin karsisina cikan yeni problemlere analitik cozumler uretebilen kendini geistirmeye acik calisma arkadaslari arayisimiz bulunmaktadir,abap danismani adayi,sap
8,universitelerin ilgili bolumlerinden mezun bilgi slem departmaninin software hardware isyeri server bunlarin surdurulebilirligi ilgili lisans bakim tamir islerini yonetmek bilgi slem departmani bilisim ekipmani hizmeti satinalma sureclerini yonetmek tekliflendirmek programi ilgili gelistirmelerin yapilmasina amacina uygunluguna nezaret etmek meslegindeki guncel gelismeleri takip etmek risklerle ilgili etkin onlem almak ngilizce konusmak sart olmasa ayirici ozelliktir mesleki ngilizceyi anlamak sarttir zamanli calisacak aktif arac kullanabilen calisma arkadasi aramaktayiz,slem sorumlusu,sap
9,universitelerin ilgili bolumlerinden mezun abap programlama konusunda deneyimli sapui uygulama tecrubesi bulunan script smart forms badi bapi user exit batch input enhancement konularina hakim tercihen slcm modullerinde uygulama gelistirmis moduller hakkinda bilgisi olan projelerinde aktif gorev almis derecede ngilizce bilen analitik dusunme problem cozme yetkinligine sahip etkili iletisim becerilerine sahip sonuc odakli teknolojiyi yenilikleri takip eden erkek adaylar icin askerlik hizmetini tamamlamis tanimi modulleriyle ilgili taleplerin ihtiyac duyulan abap yazilim gelistirmelerinin yapilmasi sorumlu oldugu projeler ilgili kullanicilardan gelen hata talep sorulara yonelik gerekli destegin saglanmasi tamamlanan projelerin dokumantasyonunun yapilmasi ilgili birimlerin kullanimina sunulmasi sorumlu olunan proje gorevlere iliskin gerekli raporlamalarin yapilmasi,uzmani,sap
10,lcwaikiki markasi turkiye degerli markalar siralamasinda hazir giyim magazacilik sektorunde sirada alan sirketimiz yaklasik milyar ciro hedefi ulkede askin calisani yurtici yurtdisi olmak uzere toplamda uzerinde magazasi turkiye buyuk gruplarindan birisi olarak hizla buyuyor yilinda avrupa basarili giyim perakendecisinden biri olma vizyonumuzu gerceklestirmek uzere hizla buyuyen grubumuzda modul uzmani olarak aramiza katilacak ekip arkadasimizi ariyoruz modulunde danismanlik veya musteri tarafinda yillik deneyimi olan projelerinde lider rolde tecrubeli gelistirme uyarlama araclarina hakim iliskili sureclerine hakim user exit bapi bapilerine hakim analiz hata ayiklama ilgili teknik bilgiye sahip abap ekip calismasina yatkin iletisim becerileri yuksek analitik dusunme problem cozme yetenegine sahip zaman yonetiminde yetkin arastirmaci sorumluluk sahibi ngilizce bilen microsoft office uygulamalarini etkin kullanabilen erkek adaylar icin askerligini tamamlamis scrum proje metodolojileri hakkinda tecrube sahibi tercihen scrum sertifikasi sahibi tanimi operasyon birimi surec sahipleri mulakat anket saha analizi focus toplantilari yaparak ihtiyaclarin toplanmasi minimum duzeyde sistem gelistirmesi cozumu elde etmek icin uygulama mimarisini gelistirme uygulama surdurme destekleme yalinlik etkinlik verimlilik saglayacak surecinin olusturulmasi partner bussiness partner ekipleriyle birlikte calisarak birimlerinin hizalanmasina destek olunmasi musteri birlikte veri akis diyagramlarini tanimlanmasi projenin tanimlanmasi kaynak gereksinimlerinin dogrulmasi guncellenmesi birim entegre test planlarinin olusturulmasi surec dokumanlari egitim materyalleri kullanim kilavuzlari olusturulmasina destek olunmasi htiyac halinde seviye destek verilmesi,modul uzmani,sap
11,tercihen universitelerin endustri muhendisligi bolumunden mezun benzer pozisyonda deneyimli analitik cozum odakli ekip calismasina yatkin letisim becerileri gelismis ogrenmeye acik alani ilgili gelismeleri takip eden planli hedef odakli calisan erkek adaylar icin askerlik hizmetini tamamlamis surec analizi surecleri yonetimi surec gelistirme konularinda aktif olarak alacak gelistirme konularinda calisacak kurumsal cozumleri uzman yardimcisi ariyoruz,kurumsal cozumleri uzman yardimcisi,sap
12,yilindan beri turkiye bilgi teknolojileri sektorunde oncu olan firmamiz digital planet bunyesinde gorevlendirilmek uzere takim lideri arayisimiz bulunmaktadir universitelerin ilgili muhendislik fakultelerinden mezun projelerde modul danismanliginda full cycle proje deneyimi tercihen donusum surecleri hakkinda bilgi sahibi analitik dusunme yetenegine sahip musteri ihtiyaclari dogrultusunda cozum uretebilecek ekibin koordinasyonunu gelisimini saglayabilecek sirketimizin dinamik yapisina uyumlu guclu iletisim yetenegine sahip derecede ngilizce bilen esnek calisma saatlerine uyum gosterebilecek yurtici yurtdisi projelerimizde ekibimizin parcasi olacak takim lideri ariyoruz,takim lideri,sap
13,universitelerin yillik ilgili fakultelerinden mezun genel kabul gormus proje uygulama metodolojisine hakim olmak office programlarini etkin kullanabilen tercihen implementasyon projesinde full cycle aktif gorev almis olmak derecede ngilizce bilgisine sahip etkili iletisim kurabilen insan iliskileri guclu arastirmaci analitik dusunme yetenegine sahip takim calismasina yatkin tanimi modullerinde kullaniciya canli kullanim destegi vermek yapilmasina karar verilen gelistirme isteklerinin danismanlarina aktarilmasi danismanlari sirket calisanlari arasinda iletisim koordinasyonun saglanmasi yeni gelistirme taleplerinin analiz edilmesi yonlendirmelerin yapilmasi testleri gerceklestirmek dokumantasyon hazirlanmasi dokumantasyonun guncel tutulmasi,uretim lojistik modul destek uzmani,sap
14,improva turkiye avrupa bilisim teknolojileri alaninda hizmet veren oncu danismanlik firmalarinin basinda gelmektedir kanal ortagi olarak faaliyet gosteren improva musterilerine kurumsal kaynak planlama tedarik zinciri yonetimi fiori hana analitik musteri satici liskileri yonetimi nsan kaynaklari yonetimi basta olmak uzere urun ailesindeki farkli urunlerle ilgili danismanlik lisans hizmetleri sunmaktadir bilisim sektorundeki ilke imza atan improva hizla degisen hayatina yenilikci cozumler getiren yeni urunlerini basariyla uygulamaktadir yurt yurt disi projelerimiz icin finansal lojistik modullerde yetistirilmek uzere universitelerin muhendislik yonetim bilisim sistemleri enformatik isletme veya iktisat bolumlerinden mezun tercihen bilgisayar endustri sletme derecede ngilizce bilen esnek calisma saatlerine uyumlu yurt yurt disi seyahat engeli bulunmayan ekip calismasina yatkin karsisina cikan yeni problemlere analitik cozumler uretebilen kendini geistirmeye acik calisma arkadaslari arayisimiz bulunmaktadir,danisman adayi,sap
15,danismani artan hacmimiz buyume hedeflerimiz dogrultusunda danismanlik bolumumuz icin kendi bunyemizde zamanli olarak istihdam edilmek uzere danismani arayisi icerisindeyiz pozisyon genel olarak turkiye cesitli sehirlerinde bolge ulkelerindeki canias yazilim projelerinde sistem analizi kurulum musteriye ozel uygulama fonksiyonlarin gelistirilmesi mevcut musteri verilerinin aktarimi kullanici egitimlerinin verilmesi gibi faaliyetlerden sorumlu olacaktir konusu pozisyon icin gerekli nitelikler tercihen universitelerin endustri muhendisligi sletme muhendisligi sletme ktisat bolumlerinden mezun finans muhasebe konularinda uzman konularda guncel mevzuata hakim finans muhasebe islemlerinde kayitlarin nasil girilmesi gerektigini raporlama ihtiyaclarini bilen projesinde isletmenin calisani olarak veya danismani olarak finans muhasebe modullerinin kurgulanmasinda gorev almis tecrubeli esnek calisma saatlerinde yogun tempoda calisabilecek musteride sahada proje calismalarin bulunabilecek gelismis iletisim sunum becerilerine sahip insan iliskilerinde basarili ekip calismasina yatkin analitik dusunme yetenegi gelismis sinifi ehliyeti olan aktif arac kullanabilen seyahat engeli olmayan literaturu ngilizce izleyebilecek yazili sozlu iletisim kurabilecek erken adaylar icin askerligini tamamlamis tanimi musterilerin finans muhasebe konularindaki mevcut sureclerinin analizini yapmak akis senaryolarini belirlemek proje danismani danismani rolu canias musteri uyarlama projelerinde almak musterilerimizin mevcut sureclerinin sistem analizlerini yaparak canias musteri uyarlama projesi planini hazirlamak takip etmek canias yapilmasi gereken uyarlama calismalarini yurutmek konfigurasyon kurulumlari fonksiyon testlerini yerine getirmek musterilerde canias kullanici egitimlerini vermek,finans muhasebe danismani,sap
16,kurulumundan gune yaklasik yillik tecrubesi finansal moduller alaninda ileri duzey uzmanlasmis kadrolarimiz faaliyet gostermekteyiz yogun egitim sureci hizli gelisebilecek gelismek isteyecek yeni ekip arkadaslarimiz buyuyerek devam ediyoruz bunyemize katilacak ekip arkadaslarimizdan temel beklentilerimiz cozum uretme analitik dusunme sonuc odakli calisma becerileri gelismis ekip calismasina yatkin guclu iletisim yetenegine sahip esnek calisma saatlerine uyum saglayabilecek yabanci projelerde gorev alacak duzeyde ngilizce bilgisine sahip danismanlik sektorunde kariyer hedefi olan seyahat engeli bulunmayan musteri odakli calisabilecek pozitif guler yuzlu universitelerin ilgili bolumlerinden mezun bilgisayar muhendisligi matematik muhendisligi endustri muhendisligi sletme ktisat tanimi cozumleri surecleri konusunda teknik bilgi uzmanlik rehberlik saglama htiyaclarin analiz edilmesi sistem tasariminin olusturulmasi mevcut yeni musterilerin uygulama faaliyetlerinin yurutulmesi proje desteklerinin verilmesi tecrubeli adaylarda abap modulunde zamanli projede gorev almis abap modulunde danismanlik yapmis olmalari beklenmektedir,danismani tecrubeli yetistirilmek uzere,sap
17,danismanligini yaptigimiz ankara faaliyet gosteren sektorun liderlerinden olan musterimiz icin asagidaki yetkinliklere sahip analitik uzmani aramaktayiz genel teli kler universitelerin ekonomi sletme muhendislik bolumlerinden mezun alaninda tecrubeli google adwords google analytics hakim dijital trendleri gelismeleri takip eden fikirler uretebilen sitesi paneli konularinda bilgi deneyim sahibi tercihen adobe photoshop adobe illustrator adobe indesign programlarini kullanabilen analitik zek√¢si veri ambari konularinda bilgi sahibi segmentasyon modelleme hedef kitle secimi gibi analitik projelerde calismis musteri deneyimi musteri liskileri yonetimine yonelik projelerde aktif almis office programlarini kullanabilen erkek adaylar icin askerlik hizmetini tamamlamis tanimi veri tabanindaki musteri datalarinin olusturulmasi bakiminin yapilmasi zenginlestirilmesi konusunda danisman firma koordinasyonu saglamak sorumlu oldugu surecleri yonetmek veri dogrulugu icin kontrol metotlarini gelistirmek musteri segmentlerini segment stratejilerini belirleyecek modellerinin olusturulmasini saglamak musteri anahtar performans gostergelerinin raporlanmasi icin altyapi olusturmak musteri veri kalitesinin korunmasi arttirilmasina yonelik projeler gelistirmek kitlesel kampanya teklif sonuclarinin olcumlenmesi raporlanmasini saglayan altyapiyi gelistirmek iyilestirme konularinda calismalar yapmak musteriden bilgi alma izin alma kvkk uyum projelerin devamliligini koordinasyonunu saglamak veri zenginlestirme sureclerine destek olmak gunluk faaliyetlerini gerceklestirmek raporlamak musteri profilleme calismalarinin yurutulmesi detay musteri davranislarinin incelenmesi calismalarini yapmak kitlesel kisiye ozel kampanyalar dogrultusunda uygun hedef kitlelerin belirlenmesini saglamak kampanya yonetimi pazarlama analitigi sureclerinin verimliligini artiracak cozumler gelistirmek markalar calisanlar tarafindan kullanilan siparis saha ziyaret raporu odakli raporlamanin programi entegrasyonunu saglamak musteriye degen projelere destek vermek projelerde aktif almak,analitik uzmani,sap
18,genel teli kler yurt disinda taahhut hizmetleri veren sirketimizin afrika projelerinde gorevlendirilmek uzere universitelerin tercihen endustri muhendisligi bilgisayar muhendisligi bolumlerinden mezun malat firmalarinda insaat santiyelerinde endustriyel isletmelerde birden fazla projenin duzeninin saglanmasinda aktif olarak sahada gorev almis tercihen tecrubesi bulunan crystal report programini kullanabilen office programlarini ileri duzeyde kullanabilen yonetebilen tercihen microsoft uygulamalarinda deneyim sahibi kurumsal sirket prosedurleri islevleri hakkinda bilgi sahibi planlama koordinasyon becerisine sahip olan analitik dusunebilen yenilige gelisime acik letisim becerisi yuksek olan sonuc odakli leri seviyede ngilizce bilgisine sahip askerlik hizmetini tamamlamis afrika ulkelerinde calismaya engel durumu bulunmayan takim calismasina yatkin uzmani arayisimiz bulunmaktadir tanimi varolan sistemlerini optimize etme yeni modul gelistirme yada hali hazirdaki modulleri istege gore duzenlemek kurulum test egitim destek sureclerinde gorev alacak kullanilmakta olan icin kullanici desteginin saglamak sorumlu oldugu alanlarda kullaniciya yonelik egitim kullanim dokumanlarini hazirlanmasi kurulum test egitim destek sureclerinde gorev alacak gereksinimleri icin sistem analizi gerekli gelistirmeleri yapabilecek,uzmani,sap
19,universitelerin muhendislik veya diger ilgili bolumlerinden mezun analitik zekasi veri ambari konularinda arasinda deneyimli office programlarini derecede kullanabilen leri derecede yazabilen tercihen microstrategy gibi zekasi araclarinda deneyimli proje yonetimi becerilerine sahip tanimi veri dogrulugu icin kontrol metotlarinin gelistirmek veri ambari uzerindeki musteri datamartlarinin olusturulmasi bakiminin yapilmasi zenginlestirilmesi konusunda bilgi teknolojileri koordinasyonu saglar sorumlu oldugu surecleri yonetmek musteri anahtar performans gostergelerin raporlanmasi icin altyapi olusturmak musteri veri kalitesinin korunmasi arttirilmasina yonelik projeler gelistirmek musteriden bilgi alma izin alma veri zenginlestirme sureclerine destek olmak bilgi teknolojileri catisi altinda musteri verisi ilgili projeleri takip eder sorumlu oldugu surecler konusunda destek olmak musteri profilleme calismalarinin yurutulmesi detay musteri davranislarinin incelenmesi calismalarina destek olmak kitlesel kisiye ozel kampanyalar dogrultusunda uygun hedef kitlelerin belirlenmesine destek olmak kampanya yonetimi pazarlama analitigi sureclerinin verimliligini artiracak cozumler gelistirmek,veri yonetimi yetkilisi,sap
20,yetistirilmek uzere basis security danismani ariyoruz basis veya security alaninda kariyer hedefi olan derecede ngilizce veya almanca bilen yeni mezun veya fazla deneyimi olan degisime yeni teknolojilere gelisime acik takim calismasina yatkin shift sistemine uyumlu calisabilecek sorumluluk sahibi analitik dusunme becerisine sahip ngilizce veya almanca konusma yazma seviyesi ileri duzeyde olmayan adaylar degerlendirilmeyecektir sistem yonetimi asagidaki konularda calismak gelistirilmek uzere takim arkadasi ariyoruz operating system management database management technical support early watch support implementation system monitoring configuration change transport management technical support user administration security configuration design early watch support implementation tool analyses audit reporting role management,yetistirilmek uzere basis security danismani,sap
21,yilinda stanbul kurulan aster tekstil urun cesitliligiyle dunyanin onde gelen tekstil firmalarindan biridir stanbul londra daki gelistirme merkezleri turkiye sirbistan daki uretim tesisleri uzak dogu daki yatirim ortakliklariyla farkli ulkelerdeki musterilere yaratici yenilikci kaliteli urunleri esnek hizmet anlayisiyla sunmak icin calismaktadir firmamizin syanbul esenyurt lokasyonunda gorevlendirilmek uzere uzmani aramaktayiz bilgisayar muhendisligi bolumlerden mezun orta buyuk olcekli firmanin projesinde minimum deneyim kazanmis canias deneyimi bulunan troia sorgulama diline hakim duzeyde yazili sozlu ngilizce bilgisine sahip analitik dusunebilen takim calismasina yatkin cozum sonuc odakli erkek adaylar icin askerlikle iliskisi bulunmayan tanimi surec analizleri ihtiyaclari tespit edecek ihtiyaclara yonelik canias uzerinde uyarlama gelistirme surecine katkida bulunacak kullanici egitimi destegi verecek,uzmani,sap
22,discoverer raporlama oracle forms reports publisher gelistirme arayuzlerin tecrubeli olunmasi teknolojisine hakim gelistirme yapmis olmasi sureclerindeki teknik yapiya hakim olmasi tercihen finans modullerinde tecrubeli olunmasi tecrubeli java programlama diline hakim olmasi takim calismasina uygun olmasi bilgisayar programa bolumunden mezun olunmasi tanimi oracle sisteminde olusan sorunlarin cozumlenmesi discoverer raporlarinin yapilmasi gerektiginde istenen gelistirmelere teknik destek verilmesi forms plsql publisher discoverer kullanici sorumluluk tanimlanmasinin yapilmasi,tekni uzmani,sap
23,dekantor seperator konusunda ulkemizin lider kurulusu olan firmamiz polat maki aydin faaliyet gosteren fabrikasi bunyesinde gorevlendirilmek uzere aranan nitelikl universitelerin endustri muhendisligi veya ilgili bolumlerinden mezun modullerinde yillik tecrube sahibi hana projesinde gorev alacak uretim surecleri hakkinda deneyime sahip duzeyde ngilizce bilgisine sahip nsan iliskileri kuvvetli takim calismasina yatkin gelisime acik tempolu yogun calisma ortamina uyum saglayabilecek erkek adaylar icin askerligi tamamlamis aydin ikamet eden yada edilecek olan tanimi mevcut sureclerinin analizlerini yaparak uyarlama projesi planini hazirlamak takip etmek musteri beklentilerinin arastirilmasi kavramsal tasarim dokumanlarinin hazirlanmasi sureclere gore sisteminin kurgulanmasi yoneticilere onaya sunulmasi uyarlama calismalarinin yapilmasi gerektiginde abap desteginin alinmasi uygulamalarinin test edilmesi dokumantasyonun yapilmasi kullanici egitimlerinin verilmesi sisteme canli kullanim destegi saglanmasi islemlerinden sorumludur,uzmani,sap
24,universitelerin bilgisayar muhendisligi matematik muhendisi endustri muhendisi veya ilgili bolumlerinden mezun projelerinde minimum aktif olarak calismis lojistik modullerinde deneyimli tercihen hana veya modullerinden birinde uzeri deneyim proje yonetim metodolojisine hakim yurtici yurtdisi seyahat engeli bulunmayan aydin veya stanbul lokasyonlarinda ikamet eden edebilecek olan seviyede ngilizce bilgisi olan letisim yetenekleri guclu ekip calismasina yatkin basari odakli problem cozumunde yaratici analitik bakis acisini kullanabilen erkek adaylar icin askerligini tamamlamis tanimi calismakta oldugu modullerde kullanici destegi baslamakta olan hana projesinde gorev almak kullanim etkinligini surekli olarak iyilestirilmesini saglayacak mekanizmalarin olusturulmasina destek olmak fonksiyonel teknik dokumanlarin hazirlanmasi icin kaynak danismanlik firmalari gerekli aksiyonlari almak birimlerinin ihtiyaclarini belirlemek analiz gelistirme surecleri yonetmek tamamlanan projelerin birimlerinin kullanimina devrederek gerekli egitim kullanim destegini vermek,kidemli mali moduller danismani,sap
25,optik perakende magazacilik alaninda faaliyet gosteren uluslararasi firmamizin pazarlama departmaninda gorev alacak asagidaki niteliklere sahip stajyeri aramaktayiz universitelerin statistik matematik endustri muhendisligi gibi sayisal agirlikli bolumlerinde veya sinif ogrencisi doneminde okul doneminde devam edebilecek office programlarini etkin kullanabilen duzeyde ngilizce bilen alaninda istekli gelisime ogrenmeye acik analitik trendleri takip eden tanimi musteri bazli analizlerde yardimci olmak kampanya takiplerini yapmak marka isbirliklerinde destek saglamak double surecini takip ederek izin alma oranlari dusen magazalarla ilgili aksiyon almak gonderimlerinin hazirligini yapmak sadakat programlarinin takip edilerek yeni uygulama trendlerin bildirilmesi,stajyeri,sap
26,sirketimizin bilgi teknolojileri birimi istihdam edilmek uzere analisti yetkili uzman arayisimiz bulunmaktadir genel teli kler tanimi genel teli kler universitelerin muhendislik matematik veya statistik bolumlerinden mezun biriminin ihtiyaclarini analiz edebilecek bunu yazilim ekibine aktarabilecek senelik deneyim sahibi letisim analiz raporlama sunum becerileri guclu office temel bilgisine sahip konusunda bilgi sahibi entegrasyon tecrubesine sahip liskisel veritabani webservis konularinda bilgi sahip microsoft dynamics powerbi bilen ngilizce bilgisi duzeyde olan tanimi biriminin ihtiyaclarini analiz etmek ihtiyaclarin karsilanmasini saglamasi icin gerekli olan ozellestirme gelistirme projelerini yurutmek mevcut entegrasyonlari optimize etmek yeni entegrasyon taleplerini gerceklestirecek projeleri yonetmek sistemi icin powerbi uzerinde raporlar hazirlamak proje surecinde tedarikci yonetimini saglamak uygulama testleri gerceklestirmek sorumluluk alanindaki programlarda olusan problemlere cozum destegi saglamak,analisti yetkili uzman,sap
27,yilinda kurulan yildirim sirketler grubu hizli buyuyen turk sanayi gruplarindan biri haline gelmistir endustriyel olarak cesitlendirilmis sirketler grubuna evrimleserek girisimcilik surekli inovasyon yoluyla odagini yeni istiraklerle genisletmistir yilinda yildirim sirketler grubu uluslararasi devralimini svec tamamlayarak bugun kitada ulkede sektorde faaliyet gosteren turkiye stanbul merkezli kuresel haline gelmistir yildirim sirketler grubu metal madencilik komur gubre kimyasallar enerji denizcilik liman sletmeciligi gayrimenkul nsaat uluslararasi ticaret finansal hizmetler alaninda dunya genelinde fazla calisani istihdam etmektedir yildirim sirketler grubu bunyesinde alan yildirim bilgi teknolojileri sirketimizde yurt yurt disi projelerimizde degerlendirilmek uzere successfactors modul danismani arayisimiz bulunmaktadir universitelerin muhendislik fakultelerinden mezun derecede ngilizce bilen successfactors modul sureclerinde tecrubeli letisim becerisi guclu takim calismasina yatkin analitik dusunebilen yeni teknolojileri takip eden gelisime acik proaktif bakis acisina sahip sonuc odakli yurt yurt disi seyahat engeli bulunmayan tanimi departmanlarin ihtiyac analizlerinin yapilmasi ilgili aksiyonlarin alinmasi danismanlar test sureclerinin yurutulmesi kullanici egitimlerinin verilmesi ihtiyac halinde kullanicilara gerekli destegin saglanmasi proje ilgili dokumantasyonlarin olusturulmasi surec projelerin gelistirmesini yapan ucuncu parti firmalarla sureclerinin yurutulmesi,successfactors modul danismani,sap
28,yilinda kurulan yildirim sirketler grubu hizli buyuyen turk sanayi gruplarindan biri haline gelmistir endustriyel olarak cesitlendirilmis sirketler grubuna evrimleserek girisimcilik surekli inovasyon yoluyla odagini yeni istiraklerle genisletmistir yilinda yildirim sirketler grubu uluslararasi devralimini svec tamamlayarak bugun kitada ulkede sektorde faaliyet gosteren turkiye stanbul merkezli kuresel haline gelmistir yildirim sirketler grubu metal madencilik komur gubre kimyasallar enerji denizcilik liman sletmeciligi gayrimenkul nsaat uluslararasi ticaret finansal hizmetler alaninda dunya genelinde fazla calisani istihdam etmektedir yildirim sirketler grubu bunyesinde alan yildirim bilgi teknolojileri sirketimizde degerlendirilmek uzere modul danismani arayisimiz bulunmaktadir universitelerin muhendislik fakultelerinden mezun modullerinde deneyimli leri duzeyde ngilizce bilen sunum raporlama becerisi yuksek letisim becerisi guclu takim calismasina yatkin analitik dusunebilen proaktif bakis acisina sahip sonuc odakli yurt yurt disi seyahat engeli bulunmayan tanimi projelerin analiz uyarlama test egitim destek sureclerinde gorev alinmasi projelerin belirlenen hedefleri dogrultusunda gerceklesmesinin saglanmasi proje kapsami icerisinde alan sureclerin detaylandirilmasi iyilestirme calismalarinin belirlenmesi proje kapsamindaki asamalarin ilgili yoneticiye raporlanmasi proje dahilinde ilgili yasal mevzuatlarin takip edilmesi ekiplerinin bilgilendirilmesi uygulanmasi,modul danismani,sap
29,adecco grup merkezi svicre fazla ulke bolgede yaklasik calisani subesiyle uzerinde kisiye imkani saglayarak uzerinde firma bulusturmaktadir nsan kaynaklari istihdam cozumleri konusunda dunya lideri olan adecco global bakis acisi lokal ihtiyaclarin cozumlenmesinde genis bilgi birikimini musterileriyle paylasmaktadir adecco group fortune firmasi olup swiss exchange borsasina kotedir danismanligini yapmakta oldugumuz uretim sektorunde faaliyet gosteren firmamiz icin danismani arayisimiz bulunmaktadir universitelerin tercihen muhendislik bolumlerinden mezun modullerinden veya kacina hakim danismanlik veya musteri tarafinda deneyimi olan gelistirme uyarlama araclarina hakim analiz hata ayiklama ilgili teknik bilgiye sahip abap thalat surecleri hakkinda bilgi sahibi derecede ngilizce bilen ekip calismasina yatkin iletisim becerileri gelismis arastirmaci ogrenmeye acik analitik dusunce yapisina sahip cozum odakli adecco skur denetiminde tarihli lisans sahibi ozel istihdam burosudur,danismani,sap
30,universitelerin ilgili bolumlerinden mezun logo tiger programini destek verebilecek duzeyde minimum deneyimli logo paket urunleri hakkinda bilgi sahibi connect collector navigator mind sempa ocean tercihen sertifika sahibi logo genel kabul gormus proje uygulama metodolojisine database tablolarina hakim server uzerinde sorgu view store procedure function yazabilecek duzeyde bilgi sahibi raporlama yapabilen windows server sistemlerine hakim ekip calismasina yatkin takipci planlama organizasyon becerisi yuksek erkek adaylar icin askerlik hizmetini tamamlamis tanimi logo kullanicilarin yoneticilerin ihtiyac duyacagi uygulamalari sistem uzerinden update edilmesi raporlama icin gerekli sorgularini gerekli dokumantasyonun olusturulmasi farkli ihtiyaclar icin uygulama program gelistirmesi baglantisi entegrasyon programlarinin saglikli calismasina yardimci olunmasi sureclerini analiz etmesi modellenmesi yeni teknolojileri yazilim trendlerinin yakindan takip edilmesi mevcut entegre edilmesi transact scriptleri yazarak excel uzerinde otomatik calisan raporlar hazirlanmasi,uzmani,sap
31,uzmani daha universitelerin statistik ekonometri matemetik veya muhendislik bolumlerinden mezun minimum kampanya yonetimi raporlama deneyimine sahip derecede ngilizce bilen office programlari derecede bilen spss derecede bilen yogun calisma temposuna uyum saglayabilecek erkek adaylar icin askerlikle ilisigi olmayan seyahat engeli bulunmayan tanimi musteri davranislarini analiz ederek analizler dogrultusunda gelistirme sunmak projelerin tasarlanmasina destek olmak kampanya takvimi dogrultusunda kampanyalari kurgulamak hedef kitleleri hazirlamak iletisimleri hazirlamak yonetmek olcumlemek sadakat programinin kurgulanmasina sureclerinin guncel tutulmasina raporlamasina yardimci olmak sepet analizleri musteri kaybi analizleri gibi veri madenciligi uygulamalari musteri hareketlerini analiz etmek yorumlamak magazalar sitesi mobil uygulamalar sosyal medya uzerinde stratejisine paralel aksiyonlari kurgulamak yonetmek musteri analiz raporlarini haftalik aylik olarak ilgili birimlerle paylasmak mailing operasyonlarini yonetmek raporlamak satis magaza yoneticilerine musteri bazli analizler hazirlamak kampanya kurgulama surecinde analitik destek vermek,uzmani,sap
32,optik perakende magazacilik alaninda faaliyet gosteren uluslararasi firmamizin pazarlama departmaninda gorev alacak asagidaki niteliklere sahip uzmani aramaktayiz universitelerin endustri muhendisligi veya matematik statistik ekonometri gibi sayisal agirlikli bolumlerinden mezun veri madenciligi zekasi konularinda deneyimli leri duzeyde ngilizce bilen office word powerpoint programlarini duzeyde kullanabilen excel fonksiyon ozet tablo veri cozumleme makro araclarini duzeyde kullanabilen takip surec izleme yetenegi gelismis gereksinim analizleri yapabilen iletisim yetenegi guclu erkek adaylar icin askerlik hizmetini tamamlamis tanimi sistem yapisinin stratejisi gelistirilmesi aksiyon planlarina katki saglanmasi musterilerin ihtiyaclarini analiz edilmesi ihtiyaclarin karsilanmasi icin gerekli olan aksiyonlarin uretilmesi icin onerilerin gelistirilmesi mevcut potansiyel musteri davranislarini belirlemeye dayali veritabaninda inceleme isleme yontemleriyle farkli analiz modelleme calismalarinin yapilmasi raporlanmasi aksiyon onerileri gelistirilmesi mevcut sadakat programi kurgusunun farkli musteri deneyimlerine gore yurutulmesi gelistirilmesi gerceklestirilen musteri kampanyalarinin sonuclari dogrultusunda aksiyon planlarinin olusturulmasi raporlanmasi analizlerinin yapilmasi mevcut riskleri yeni firsatlarini tespit ederek olcumlenebilir geri donus analizlerinin gerceklestirilmesi musteri veritabanlari altyapisinin gelistirilmesine yonelik uygulamalarin olusturulmasi yurutulmesi,uzmani,sap
33,aranan ozellikler universitelerin endustri muhendisligi bilgisayar muhendisligi veya benzer muhendislik bolumlerinden mezun veya benzeri kurumsal kaynak yonetimi sistemleri analizinde tecrubeli yazilim gelistirme dongusu test canliya alma sureclerinde tecrubesi olan danisman ekipleri anahtar kullanicilari koordine edecek surec yonetimi surec analizi konularina hakim derecede ngilizce bilen tanimi anahtar kullanicilari danismanlar arasinda asagidaki konularda kopru gorevi gorerek surec analizlerini gerceklestirmek sureclerin iyilestirilmesini saglamak olan fonksiyonlar icin iyilestirmelerinin yapilmasini veya yeni cozumlerin devreye alinmasini saglamak fonksiyonel tasarim teknik tasarim test dokumanlarinin hazirlanmasi surecini koordine etmek sistem tasarimin kullanici ihtiyaclarina uygunlugunu kontrol etmek surec iyilestirme onerilerinde bulunmak yazilim gelistirme sureci boyunca anahtar kullanicilari fonksiyonel testleri gerceklestirmeleri icin koordine etmek seviye kullanici destegi vermek kullanici ihtiyaclarini yonetmek degisiklik talepleri uyarlamalar yetkilendirmeler bagli oldugu mudure duzenli olarak raporlamak bunlarin yani sira projelerinin yonetiminde almak data classification general sureclerinde verimliligi katma degeri artiracak firsatlari belirleyerek gerceklestirilmesini saglamak gamp kurallarina uygun sekilde calisarak valide kalmasini saglamak,ortagi,sap
34,temelleri yilinda heilbronn almanya acilan magazaya dayanan glamira mucevherat firmasidir yilinda merkez ofisini uretim atolyesini stanbul tasiyan sirket avrupa pazari basta olmak uzere yakin ulkede online sanal magazalariyla farkli dilde hizmet veren profesyonel musteri temsilcileriyle faaliyet gostermektedir ticaret altyapisina sahip pazarlama gucuyle imzasini tasiyan mucevherleri uluslararasi alanda ragbet gormektedir tasarim ekibiyle kisisellestirilmis mucevherat uzerine markalasan kurum yuksek kalite standartlarini odak noktasinda tutarak calismaktadir glamira grup sirketinden olusmaktadir almanya bulgaristan amerika avustralya svicre bulunan ofisleriyle global firma olma yolunda buyumeye devam etmektedir maslak taki ofisimizde dijital pazarlama departmaninda calisacak muduru ariyoruz genel teli kler yillik egitim veren universitelerin statistik sletme yonetim bilisim sistemleri endustri muhendisligi matematik ekonometri bolumlerinden mezun musteri deneyimi musteri segmentasyonu sureclerinde deneyimli netsuite gibi uygulamalar konusunda bilgi sahibi derecede ngilizce bilgisi olan tercihen veri madenciligi bilgisine sahip analitik dusunme problem cozme becerisi olan verileri analiz edip sureclerine yansitabilecek sistematik calisabilen planlama organizasyon raporlama yetenegi gelismis takim calismasina yatkin yogun stresli calisma temposuna deadlinelara ayak uydurabilen raporlama sunum kabiliyeti yuksek sonuc odakli derecede google analytics kullanabilen nternet ticaret alaninda deneyimli teknolojilerine hakim erkek adaylar icin askerlikle ilisigi bulunmayan adaylarin basvurularini bekliyoruz tanimi datasinin toplanmasi icin calismalarin yurutulmesi duzenli olarak musteri ziyaret satis urun analizlerin yapilmasi raporlanmasi musteri segmentasyonu hedef kitle secimi gibi analitik calismalar yapilmasi musteri davranislarini analiz ederek musteri deneyimini iyilestirecek fikir onerilerin gelistirilmesi musteri aktifligi analizi yaparak gerekli aksiyonlarin alinmasi gunluk aylik yillik satis raporlari cikarilmasi yorumlanmasi mail marketing yonetimi olcumleme raporlama yapilmasi google analytics verilerin analiz edilerek gerekli aksiyon planlarinin hazirlanmasi amerika avrupa pazari dinamiklerine uygun kampanya iletisim musteri deneyimi fikirlerinin olusturulmasi gorevleri arasindadir,muduru,sap
35,requirement functional consultants financial module manufacturing module distribution logistics module years experience configuring edwards dynamics oracle cloud knowledge will preferred ability work through detailed requirements interfaces user needs reports strong verbal written communication skills ability work liaison between functional business groups technology teams ability work team environment effectively interacting with others ability support multi site multi country customer base bachelor degree required english must description functional consultants will support current oracle edwards enterpriseone cloud applications configuration participate projects integrating processes businesses into oracle edwards develop clear understanding current oracle enterpriseone environments provide support manufacturing module distribution logistics module financial module provide user support related module engaging technical teams when necessary analyze issues define clear resolution business evaluate business functional requirements translate into business requirement documents provide functional advice assistance delivery team support business needs work through detailed requirements interfaces user needs reports,consultants,sap
36,genel teli kler ender magazalari genel merkezde gorevlendirmek uzere asagidaki ozelliklere uygun uzmani aranmaktadir universitelerin yillik enformatik sletme ktisat sletme endustri muhendisligi veya matematik ilgili bolumlerinden birinden mezun musteri liskileri musteri deneyimi konularinda tercihen perakende sektorunde tecrubeli analitik yonu kuvvetli detayci ileri derecede analiz yetenegine sahip office programlarini derecede bilen etkin iletisim yetenekleri olan erkek adaylar icin askerlikle ilisigi olmayan seyahat engeli bulunmayan tanimi mevcut potansiyel musteri davranislarini olcumlenmek analiz etmek sirket ihtiyaclar dogrultusunda surec sistem gelisimine katkida bulunacak projeleri belirlemek yonetmek almak sistem kurulumu sureclerinde anahtar kullanici rolu ustlenmek sadakat programinin kurgulanmasina sureclerinin guncel tutulmasina raporlamasina yardimci olmak sirket magaza performanslarina yonelik lari olusturmak performans sonuclarini olcmek aylik haftalik ihtiyaclar dogrultusunda gunluk yonetim raporlarinin olusturulmasini saglamak mail operasyonlari yonetmek olcumlemek,uzmani,sap
37,universitelerin bilgisayar muhendisligi matematik muhendisi endustri muhendisi veya ilgili bolumlerinden mezun projelerinde minimum aktif olarak calismis lojistik modullerinde deneyimli tercihen hana veya modullerinden birinde uzeri deneyim proje yonetim metodolojisine hakim yurtici yurtdisi seyahat engeli bulunmayan aydin veya stanbul lokasyonlarinda ikamet eden edebilecek olan seviyede ngilizce bilgisi olan letisim yetenekleri guclu ekip calismasina yatkin basari odakli problem cozumunde yaratici analitik bakis acisini kullanabilen erkek adaylar icin askerligini tamamlamis tanimi calismakta oldugu modullerde kullanici destegi baslamakta olan hana projesinde gorev almak kullanim etkinligini surekli olarak iyilestirilmesini saglayacak mekanizmalarin olusturulmasina destek olmak fonksiyonel teknik dokumanlarin hazirlanmasi icin kaynak danismanlik firmalari gerekli aksiyonlari almak birimlerinin ihtiyaclarini belirlemek analiz gelistirme surecleri yonetmek tamamlanan projelerin birimlerinin kullanimina devrederek gerekli egitim kullanim destegini vermek,kidemli lojistik moduller danismani,sap
38,modulunde deneyim sahibi projelerinde aktif gorev almis operasyonlarinda yeni projelerde alabilecek destek fonksiyonunu ustelenecek esnek calisma saatlerine uyabilecek arastirmaci hizli analitik dusunebilen detaylara onem veren sonuc odakli proaktif erkek adaylar icin askerlik hizmetini tamamlamis tanimi siparis yonetimi sevkiyat stok yonetimi faturalama fiyatlama kampanya satis gibi konularda yeni talep istekleri koordine eder surecteki takipleri saglar uzerinde cozume yonelik gerekli tasarimlari uyarlamalari yapar yapilacak gelistirmeler ilgili abap danismanina gerekli yonlendirmeleri yapar tasarim uyarlama gelistirme ilgili dokumantasyonlari tamamlar danisman destegi kullanilacaksa disaridan gelecek danisman yapilacak yeni veya destek isinin koordinasyon planlama takibini yapar kullanici testlerini nihai kullanici planlar takip eder sorumlu oldugu modul veya moduller ilgili kendini gelistirir teknik anlamda cikan yenilikleri takip eder sirketin sureclerine hakimdir surec sahipleri gerekli uyum koordinasyonu saglar sistemsel tasarimin sureclerinin iyilestirmesine katki vermesini hedefler,uzmani,sap
39,tanimi cronom nsan kaynaklarinin danismanligini yurutmekte oldugu farkli sektorlerde faaliyetlerini surduren ortaklarinin buyuyen teknoloji ekiplerinde gorev alabilecek abap danismani aramaktayiz aranan nitelikler universitelerin ilgili lisans veya lisansustu bolumlerinden mezun abap programlama dilinde tecrube sahibi tercihen modulunde deneyim sahibi seviyede ngilizce bilgisine sahip ekip calismasini seven zamanli olarak farkli projelerde gorev alabilecek detaylara onem veren sonuc odakli proaktif analitik dusunebilen erkek adaylar icin tercihen askerlikle ilisigi olmayan,abap danismani,sap
40,cronom nsan kaynaklari olarak danismanligini yapmakta oldugumuz stanbul avrupa yakasi lokasyonunda faaliyet gosteren ortagimiz icin analisti yoneticisi arayisimiz bulunmaktadir universitelerin ilgili lisans veya lisansustu bolumlerinden mezun analistligi alaninda minimum tecrubeli modulunde deneyim sahibi leri seviyede ngilizce bilgisi bulunan karsilastigi problemleri analiz edip sistematik cozum uretebilen seyahat engeli olmayan firma bunyesinde yurutulen yurt yurt disi bilgi teknolojileri projelerinin yonetilmesi kullanicilardan gelen destek degisiklik taleplerini degerlendirerek gerceklestirmek kullanici egitimleri destek vermek kaynakta planlanan proje acik islerin takip yonetiminin yapilmasi butce takibini gerceklestirmek,analiz yoneticisi,sap
41,universitelerin ilgili bolumunden mezun oracle business suite lojistik modullerinde deneyimli konusunda deneyimli tablo yapilarini bilen discoverer raporlari uretip yonetmis olan nsan iliskileri kuvvetli takim calismasina yatkin kurum gereksinimleri dogrultusunda cozum uretebilecek analitik dusunme yetenegine sahip ngilizcesini aktif olarak kullanan erkek adaylar icin askerlik hizmetini tamamlamis tanimi lgili fonksiyonu kurum icerisinde nasil yurutuldugunu yonetildigini ogrenmek amaciyla sureclerini analiz edecek analiz dokumanlarini hazirlayacak sistem testlerini gerceklestirecek oracle fonksi yonel uzmani,oracle fonksi yonel uzmani,sap
42,yeni takim arkadaslarimizdan neler bekli yoruz eczacibasi toplulugu kuruluslarindan bilisim sektorunun oncusu eczacibasi bilisim danismanlik hizmetleri ekibinde degerlendirmek uzere takim arkadaslari ariyor lojistik moduller modulu tecrube sahibidir full cycle hana projelerinde danismanligi yapmistir proje yonetim metodolojileri hakkinda bilgi sahibidir zaman kaynaklarin verimli kullanimi konusunda deneyimlidir yazilim gelistirme ekipleriyle birlikte calisma tecrubesine sahiptir hizmet seviyelerine gore yardim masasi hizmetlerinin verilmesi takip edilmesi gerekli iyilestirmelerin yapilmasini saglar ariyoruz lisans yuksek lisans egitimini universitelerin bilgisayar matematik endustri muhendisligi bolumlerinde tamamlamis alaninda profesyonel deneyim sahibi takim calismasina uyumlu analitik dusunmeyi arastirmayi seven cozum sonuc odakli calismayi ilke edinmis letisimi guclu musteri odakli derecede sozlu yazili ngilizce bilgisine sahip danismanlik hizmetleri sorumlu uzmani ariyoruz,danismanlik zmetleri sorumlu uzmani,sap
43,tanimi kapsami anlamak birimleri teknik ekipler arasinda dogru iletisimi saglamak biriminin ihtiyaclarini anlamak surecler hakkinda bilgi sahibi olmak teknik ekiplerle iletisime gecmek proje haritasini olusturmak proje kapsamini yonetmek guncellemeleri degerlendirmek devreye almak sistemleri icin gereksinim toplama analiz tasarim test uygulama canli destek dahil yazilim gelistirme yasam dongusunun asamalarini desteklemek proje yonetimi letisim degisim yonetimi dahil olmak uzere uctan destek vermek teknik gereksinimleri dokumante etmek ekiplere iletmek teknik ekipler tedarikci firma birimi yakin calisarak gereksinimlerinin dogru anlasildigindan uygulandigindan emin olmak biriminden gelen talepleri degisiklikleri dogru analiz etmek ilgili ekiplere yonlendirmek kullanici kabul testleri testlerini biriminin ihtiyac beklentilerine gore yonetmek potansiyel yeni cozumler icin sureclerini takip etmek sistemlerinin gunluk destegini vermek genel nitelikler universitelerin sletme bilgisayar muhendisligi ilgili bolumlerinden mezun proje yonetimi prensiplerine hakim departmaninda projesinde gorev almis deneyimi dahil uzeri proje yoneticisi deneyimine sahip saas konusunda deneyim sahibi salesforce dynamics fmcg sektor tecrubesi olan birden fazla birimi farkli projeleri paralelde yurutebilecek mevcut sureci anlama iyilestirme uygulama sureclerinde cozum uretebilecek birimleri iletisimi kendi basina yurutebilecek seviyede ngilizce bilen letisimi kuvvetli disiplinli analiz problem cozme becerisi yuksek sonuc odakli proaktif sorumluluk sahibi dikkatli detaylara onem veren erkek adaylar icin askerlik hizmetini tamamlamis muaf,proje yoneti,sap
44,beyaz esya sektorunde tedarikci olarak faaliyet gosteren sirketimizde gorevlendirilmek uzere universitelerin ilgili muhendislik lisans bolumlerinden mezun modulunde deneyime sahip uretim surecleri konusunda bilgili projelerinde modul uzmani analist veya danisman olarak gorev almis arastirmaci hizli analitik dusunebilen seyahat engeli bulunmayan erkek adaylar icin askerligi tamamlanmis uzmani aramaktayiz tanimi fabrikalardan gelen uretim planlamaya yonelik talepleri degerlendirerek teknik proje haline getirmek ilgili dokumantasyonlari hazirlamak gelistirmek test devreye alma sureclerini yonetmek devreye alinan surecleri takip etmek aksayan noktalarda cozum onerilerinde bulunmak modulu ozelinde anahtar kullanicilardan gelen sorunlari cozmek anahtar kullanici egitimlerini vermek kavramsal tasarimin ilgili bolumlerini guncel tutmak danisman firmalara yonlendirilen ihtiyaclari degerlendirmek yonetmek,uzmani,sap
45,ecza depolari ticaret pazarlama saglik sektorunde faaliyet gosteren alaninda oncu olan sirketimizin bilgi slem bolumunde gorev alacak analitik dusunebilen yaratici ogrenmeye acik ekip calismasina yatkin sonuc odakli yazilim uzmani aramaktayiz teli kler universitelerin ilgili bolumlerinden mezun troia yazilimi konusunda tercihen deneyim sahibi canias programini aktif olarak kullanabilen tabanli uygulamalar servisler tercihen qlik zekasi yazilimi konusunda deneyimli canias satis satin alma envanter muhasebe finans depo yonetimi modullerine hakim derecede server kullanabilen office programlarina hakim surekli iyilestirme gelistirme bakis acisina sahip sonuc odakli yeni teknolojileri takip eden teknolojileri icinde bulundugu gelistirme ortamina uygulayabilen tercihen sigara kullanmayan erkek adaylar icin askerligini tamamlamis stanbul anadolu yakasinda atasehir serifali umraniye cekmekoy yakin cevresinde ikamet eden adaylar tercih sebebidir tanimi satis hale yonetimi satin alma envanter yonetimi muhasebe finans depo yonetimi sureclerine iliskin canias programinda sistemsel gelistirme iyilestirmeler yapmak kullanicilardan gelen programla ilgili yeni talep hata bildirimlerinde kullanicilarla sekilde iletisim kurarak gerekli bilgi destegi belirlenen hizmet seviyelerine uygun vermek yonetim kullanicilarin ihtiyaclarina uygun gerekli rapor tasarimlarini olusturmak kullanici ihtiyaclari dogrultusunda sureclerinin sistem uzerinden etkin sekilde yurutulmesi icin gerektiginde yeni modul yazmak programla ilgili yukleme guncelleme bakim islemlerini yapmak,yazilim uzmani,sap
46,universiteslerin muhendislik matematik sletme enformatigi gibi bolumlerinden mezun olmus olan entegrasyon konularinda degerlendirilmek uzere tecrubeli calisma arkadasi ariyoruz adaylar arasinda kisiyi cikarabilecek konular ekip uyumu hizli kavrama yetenegi java programlama dili yetkinligi gecmis tecrubesi ngilizce dili yetkinligi,danismani,sap
47,toplamda full cycle proje deneyimi hana uzerinde uctan proje deneyimi olan yurt disi sehir disi projelerde gorev alabilecek seyahat engeli bulunmayan duzeyde ngilizce bilgisi okuma anlama konusma takim calismasina yatkin kendini gelistirmeye acik guclu iletisim yetenegi olan detaylara onem veren sonuc odakli proaktif analitik dusunebilen zaman yonetiminde hassas olan esnek calisma saatlerine uyabilecek erkek adaylar icin askerligini tamamlamis olmak tanimi aramiza yeni katilacak calisma arkadaslarimiz asagida alan sorumluluklari ustleneceklerdir tanimi icerisindeki surecler konusunda teknik bilgi uzmanlik rehberlik saglamak uygulama projelerinde ihtiyaclarin analiz edilmesi buna uygun modulu tasariminin yapilmasi mevcut cozumlerini desteklemek yeni gereksinimlerine uygun cozumler gelistirmek sureclerini hata analizi duzeltmesini optimize etmek slevsel tasarim gerektiren calismalarda gelistirme ekibi koordinasyon uygulamalara iliskin dokumantasyonunu saglamak,senior danismani,sap
48,universitelerin ilgili bolumlerinden mezun deneyimi dahil tercihen proje yoneticisi deneyimine sahip office programlari microsoft dynamics raporlama araclarina hakim seviyede ngilizce bilgisine sahip mevcut sureci anlama iyilestirme uygulama sureclerinde cozum uretebilecek letisimi kuvvetli sunum becerileri gelismis analitik dusunme yetkinligine sahip analiz problem cozme becerisi yuksek gelisen trendleri takip eden yenilikci projeler getiren erkek adaylar icin askerlik hizmetini tamamlamis tanimi universiteye dair stratejilerin belirlenmesi icin veri analizlerini yapmak duzenli olarak pazar analizlerini hazirlamak sistemine yonelik ihtiyac analizlerini gelistirerek olan sistemini gelistirmek universite duyurularinin dogru kitlelere gonderimi icin ilgili birimlerle iletisim gecmek universitenin dijital projelerinin kullanici deneyim entegrasyon sureclerini ilgili birimler birlikte takip etmek biriminin ihtiyaclarini anlamak surecler hakkinda bilgi sahibi olmak teknik ekiplerle iletisime gecmek gerceklesen dijital konvansiyonel reklam araclari pazarlama tanitim aktivitelerinin etkinligini olcmek raporlamak cagri merkezi sistemi ilgili ihtiyaclarinin takip edilmesi gelistirilmesi verimliliginin arttirilmasini saglamak,yonetmeni,sap
49,firmamizin kurulum yonetim projesinde gorev alacak asagidaki niteliklere sahip uzmani ariyoruz genel teli kler universitelerin muhendislik fakultelerinden mezun endustri makine kimya bilgisayar ngilizce yazili sozlu iletisim kurabilen daha once devreye alma projesi yonetmis uretim planlama uretim surec yonetimi konularinda tecrubeli server veritabani bilgisi olan tercihen netsis konusunda bilgili,uzmani,sap
50,sirketimizin bilgi letisim teknolojileri direktorlugu bunyesinde degerlendirilmek uzere universitelerin ilgili bolumlerinden mezun benzer pozisyonlarda tecrubesi bulunan dynamics sorumlusu olarak uygulama uyarlama tecrubesi olan takim calismasina yatkin sozlu yazili iletisim kabiliyetleri yuksek insan iliskileri kuvvetli problem cozme analitik dusunme yetenegine sahip proaktif sonuc odakli yaklasimla musteri ihtiyaclarinin belirlenmesi sistem uzerinde gelistirilmesinin takip edilmesini saglayacak raporlama aliskanligi olan dokumantasyona onem veren anahtar kullanicilar irtibat halinde modul cozum yetkinliginin takip edilmesi gelisim surekliligini takip kontrol edecek yeni teknolojileri yakindan takip eden ogrenmeye yenilikci yaklasimlara kendini gelistirmeye acik anadolu yakasinda ikamet eden erkek adaylar icin askerlik hizmetini tamamlamis sorumlusu ariyoruz,sorumlusu,sap
51,sirketimizin bilgi letisim teknolojileri direktorlugu bunyesinde degerlendirilmek uzere universitelerin ktisadi dari bilimler fakultelerinden tercihen sletme ktisat bolumlerinden veya endustri muhendisligi sletme muhendisligi bolumlerinden mezun modul uyarlama bilgi deneyimine sahip modulunde deneyimli modulu diger moduller iliskileri hakkinda bilgi sahibi tercihen projelerinde almis karlilik analizi raporlama gelistirme tecrubesine sahip uygulama destegi saglama devreye alim sureclerini yonetebilen dokumantasyona onem veren analitik dusunebilen sonuc odakli detaylara hakim guclu iletisim yetenegine sahip olan anadolu yakasinda ikamet eden erkek adaylar icin askerlik gorevini tamamlamis modul sorumlusu ariyoruz tanimi musteri ihtiyaclari dogrultusunda modulunde analizlerin uyarlama uygulamalarin yonetilmesi lgili sureclerin dokumantasyonunun yapilmasi anahtar kullanicilara egitim kullanici destegi verilmesi,modul sorumlusu,sap
52,tanimi gunesli bulunan erkek dokuma uretimi yapan firmamiz icin programinin kullanimi gelistirilmesi konusunda destek vermek uzere yazilim uzmani ariyoruz pozisyonun sorumluluklari mikro firmanin akisina uygun olarak kullanicilara destek egitim vermek sureclerini takip etmek guncel kanuni mevzuati takip edip mikro versiyon guncellemelerini yapmak talep edilen rapor formatlarinin form tasarimlarinin hazirlanarak kullanima alinmasi aranan nitelikler benzer pozisyonda tecrubesi olan uretim muhasebe personel muhasebe modullerine hakim tercihen bilgisi olan tekstil sektorunu bilen takim calismasina uyumlu nsan iliskilerinde basarili cozum odakli,uzmani,sap
53,faaliyetini elektrik enerjisi uretimi dagitimi satisi olusturan turkiye oncu elektrik sirketi bereket enerji grubu icin asagidaki niteliklere sahip denizli gorev alacak kurumsal uygulamalar analisti arayisimiz bulunmaktadir genel teli kler universitelerin endustri muhendisligi bilgisayar muhendisligi sletme muhendisligi bolumlerinden mezun derecede ngilizce bilgisine sahip yogun temposu esnek calisma saatleri seyahatlerine ayak uydurabilecek letisim becerisi yuksek cozum odakli takibi yapip sonuclandirma becerisi olan tercihen analisti olarak projenin yurutulme sureclerine dahil olmus tercihen abap yazilim diline hakim tercihen bilgisine sahip degisen kosullara uyum gosterebilecek tanimi sorumlu oldugu moduller icin seviye kullanici destegi vermek taraf hizmet saglayicilariyla olan destek taleplerini yonetmek taleplerde ihtiyacin analiz edilmesi risklerin belirlenmesi fizibilitesinin yapilmasi birimlerinin yonlendirilerek kaynaklarin dogru sekilde kullanilmasinin saglanmasi onceliklendirme alarak haritasina dahil olan projelerde kurumsal mimarisine uygun cozumun tasarlanmasi yazilim gelistirme faaliyetlerinin hatasiz hizli sekilde yapilabilmesi icin gerekli teknik dokumantasyonun olusturulmasi veri aktarimini tasarlamak planlamak bilgilendirme egitim belgelerini hazirlamak egitmenlere aktarimda bulunmak analiz dokumantasyonun hazirlanmasi birimleri mutabakatin saglanmasi test senaryolarini olusturmak test surecine liderlik etmek modulleri icin ihtiyac duyulan finans uygulamalarinin gelistirilmesi,kurumsal uygulamalar analisti,sap
54,tanimi,uzmani,sap
55,tanimi sisteminin kurulum calismalari dahil surec teknik isleyisine yonelik dokumantasyon koordinasyon calismalarinin yapilmasi modul sorumlularina anahtar kullanicilara destek verilmesi htiyac duyulan program raporlarin hazirlanmasi dogrultuda yonetim danismanlarla iletisimin saglanmasi olusan sorunlarin cozumu sistemin saglikli yurumesi icin gerekli calismalarin koordinasyonu diger bilgi sistemleri qdms ilgili calismalara destek verilmesi genel nitelikler universitelerin ilgili bolumlerinden mezun tercihen endustri muhendisligi sisteminin modulleri ilgili genel bilgi sahibi olan minimum tecrubesi bulunan gecis projesinde aktif olarak almis modul tecrubesi olan analitik bakis acisina sahip sonuc odakli problem cozme yetkinligi olan letisim becerisi yuksek takim calismasina yatkin esnek calisma saatlerine uyum saglayabilecek askerlik gorevini tamamlamis erkek adaylar icin,uzmani modulleri,sap
56,danismanligi alaninda hizmet veren firmamiza abap alaninda uzman ekip arkadasi ariyoruz,kidemli abap danismani,sap
57,yilinda tekstil kendi markasini yaratmak uzere yola cikmis jimmy koleksiyonunu gerceklestirmistir bugun turkiye magaza satis noktasi yurtdisinda magaza internet magazaciligi bulunmaktadir jimmy butun urunleri aksesuarlariyla hedef kitlesinin yasam bicimine uygun genc giyimde farklilasma deneyimi sunmaya calismaktadir jimmy merkez gorev alacak uzmani arayisimiz bulunmaktadir genel teli kler universitelerin statistik ekonometri matematik veya muhendislik bolumlerinden mezun minimum kampanya yonetimi raporlama deneyimine sahip derecede ngilizce bilen office programlari derecede bilen spss derecede bilen planlama raporlama organizasyon becerisine sahip musteri memnuniyeti yaklasimini benimsemis jimmy ruhunu anlayisini yansitabilecek erkek adaylar icin askerlikle ilisigi olmayan tanimi musteri davranislarini analiz ederek analizler dogrultusunda gelistirme sunmak projelerin tasarlanmasina destek olmak kampanya takvimi dogrultusunda kampanyalari kurgulamak hedef kitleleri hazirlamak iletisimleri hazirlamak yonetmek olcumlemek sadakat programinin kurgulanmasina sureclerinin guncel tutulmasina raporlamasina yardimci olmak sepet analizleri musteri kaybi analizleri gibi veri madenciligi uygulamalari musteri hareketlerini analiz etmek yorumlamak magazalar sitesi mobil uygulamalar sosyal medya uzerinde stratejisine paralel aksiyonlari kurgulamak yonetmek musteri analiz raporlarini haftalik aylik olarak ilgili birimlerle paylasmak mailing operasyonlarini yonetmek raporlamak satis magaza yoneticilerine musteri bazli analizler hazirlamak kampanya kurgulama surecinde analitik destek vermek,uzmani,sap
58,genel teli kler tanimi sirketimizin merkez ofisinde gorevlendirilmek uzere asagidaki niteliklere uygun uzmani aramaktayiz genel teli kler universitelerin ilgili bolumlerinden mezun benzer pozisyonda deneyim sahibi office programlarini derecede bilen raporlama analiz sunum becerileri gelismis analitik dusunme yetenegi pazarlama vizyonunu birlestirebilen ekip calismasinda basarili iletisimi kuvvetli yogun temposuna ayak uydurabilecek nsan liskileri kuvvetli dinamik yeniliklere acik takim oyuncusu proje yonetimi konusunda tecrube sahibi tanimi sisteme veritabanini ilgili operasyonel surecleri yonetmek verilerin sisteme girisini yapmak veri kalitesini iyilestirmek programin sorunsuz yurutulmesini saglamak sistem kapsamindaki kampanya aktivitelerin hazirlanmasina destek olmak gerceklestirilen musteri kampanyalari sonuclarini raporlamak analizlerini yapmak musteri projelerden gelen bilgi guncelleme diger operasyonel talepleri karsilamak musteri analiz raporlarini olusturmak belirli periyotlarda ilgili birimlerle paylasmak ilgili analizlerini yapmak uygulamalarini gelisti yonetimini saglamak raporlamasini yapmak datasinin toplanmasi icin gerekli entegrasyonlari yapmak gerekli durumlarda egitimi vermek,uzmani,sap
59,endustri muhendisligi mezunu veya donemi sonunda mezun olacak tedarik zinciri yonetimi tedarik zinciri planlama alanlarina ilgi duyan seviyede ngilizce bilen yazma okuma konusma ekip ruhu icinde calisabilecek esnek calisma saatlerine uyum saglayabilecek yurtici yurtdisi seyahat engeli olmayan analitik dusunmeyi seven kendini gelistirmeye acik tercihen anadolu yakasinda ikamet eden kariyerine uzun sure danisman olarak devam etmek isteyen tedarik zinciri yonetimi tedarik zinciri planlama uygulama danismani tanimi cozumleri surecleri konusunda teknik bilgi uzmanlik rehberlik saglama htiyaclarin analiz edilmesi sistem tasariminin olusturulmasi mevcut yeni musterilerin uygulama faaliyetlerinin yurutulmesi proje desteklerinin verilmesi,uygulama danismani yetistirilmek uzere,sap
60,genel teli kler tanimi sirketler grubu sirketi olan elektrik yilinda kurulmustur elektrik faaliyet gosterdigi alanlar busbar enerji dagitim sistemleri aydinlatma busbar sistemleri kablo kanal sistemleri doseme alti kanal sistemleri trolley busbar sistemleri elektrik uretimlerini esenyurt gebze kitelli rusya lokasyonlarinda bulunan adet fabrikasinda surdurmektedir modul sorumlusu olarak gorevlendirilmek uzere calisma arkadasi aramaktayiz universitelerin lisans programlarindan mezun leri seviyede ngilizce bilen office programlarina ileri seviyede hakim letisim becerisi guclu proaktif sonuc odakli takim calismasi yetkinliklerine sahip planlama takip raporlama becerisi gelismis seyahat engeli olmayan erkek adaylar icin askerlik gorevini tamamlamis tanimi sistemlerine diger sureclerine hakim sistem tarafinda calisacak veri bakimi birim testler devreye alma sureclerini yonetecek,modul sorumlusu,sap
61,universitelerin statistik ekonometri matematik veya muhendislik fakultelerinden bilgisayar endustri sletme muhendisligi mezun analytics musteri analizi konularinda tecrubeli veri analizi veri madenciligi raporlama sunum hazirlama konularinda deneyimli script yazma konusunda deneyimli office programlarini duzeyde kullanabilen ozellikle excel zekasi cozumlerinden business objects tableau qlikview qlik sense power gibi tanesinde raporlar dashboardlar gelistirmis nternet mobil teknolojileri alaninda dijital analitik olcumleme musteri davranis takibi yapma yorumlama konusunda deneyimli verilerin takip edilmesi birlestirilmesi analiz edilmesi anlamli iliskiler bilgiler bulunmasi sonuclarin gorsellestirilmesi konularinda deneyimli spss statistics spss modeler enterprise miner gibi istatistik modelleme araclarini kullanmis tercihen python veya programlama dillerine hakim tercihen google analytics adobe analytics countly gibi mobile analytics aracini derecede kullanan tanimi htiyac duyulan verilerin veritabanindan sorgulamasi istenilen formatlarda hazirlanmasi raporlanmasi zekasi cozumlerinde analizlerini destekleyecek raporlar dashboardlar gelistirilmesi farkli veri kaynaklarindan verilerin toplanmasi sentezlenmesi analizi icindeki anlamli bilgilerin bulunmasi bilgilerin degere donusturulmesi musteri aliskanliklarini egilim davranislarini anlamaya yonelik analizler yapilmasi yorumlanmasi site aplikasyonlarla ilgili oneriler gelistirilmesi musteri performansi degerini yonetmek icin projeler uretilmesi departmanin hedefleri dogrultusunda yapilacak calismalarda analitik cerceveler olusturulmasi uygun veri analitigi modelleri istatistiksel modeller gelistirilmesi ileri analitik tekniklerinin uygulanmasi musteri segmentasyonu baglilik analizi omur boyu musteri deger analizi gibi cesitli analizlerin gerceklestirilmesine destek olmak lgili ekibimizde gorev almak uzere uzmani arayisimiz bulunmaktadir,uzmani,sap
62,tercihen universitelerin endustri bilgisayar muhendisligi bolumlerinden mezun abap programlama dilinde gelistirme yapma konusunda minimum tecrubeli dokuman anlama arastirma yapma iletisim kurma konularinda duzeyde sozlu yazili ngilizce bilgisine sahip badi bapi user exit service smart forms batch input enhancement script entegrasyon konularina hakim fiori programlamasina hakim tercihen hana konusunda bilgi sahibi ekip calismasina yatkin yazilim gelistirme veri mimarisi modelleme konularinda tecrubeli problem cozmede yaratici analitik bakis acisina sahip yurutulen projelerde gorevlendirilmek uzere abap yazilim uzmani arayisimiz bulunmaktadir tanimi lojistik finans modullerinden gelen abap yazilim gelistirme bakim ihtiyaclarina cevap vermek fiori ekranlarinda gereken bakimlari gelistirmeleri yapmak entegrasyon gelistirme ihtiyaclarina cevap vermek danisman olarak gelen yazilimci personele rehberlik yapmak yardimci olmak,abap yazilim uzmani,sap
63,modulunde sene tecrubesine sahip olan bastan sona projede gorev almis derecede ngilizce bilgisine sahip modullerinden maliyet karlilik analizi muhasebe finans finansal uygulamalarda tecrubesi bulunan tercihen hana sisteminde calismalari bulunan muhasebe finans maliyet diger isletme birimlerindeki sureclerde deneyim sahibi olan ekip calismasina analitik dusunce yapisina yatkin iletisim becerileri yuksek zaman yonetiminde basarili arastirmaci sorumluluk sahibi tanimi raporlama icin gerekli olan urun bazli maliyet analizlerini yaparak urunun maliyet detaylarini analiz etmek aylik maliyet kapanislarini planlamak takip etmek malzeme defteri kapanisini yaparak sistemde olusan maliyetlerin alani kategori makine bazinda toplam maliyet birim maliyetlerini hesaplamak olusan giderlerin butce fiili karsilastirmasini yapmak maliyet muhasebesi ilgili moduller arasi entegrasyonu saglamak birimlerine ihtiyaclari belirlemek degerlendirmek onceliklendirmek htiyaclari gidermek icin sistem uzerinde gerekli calismalari planlamak devreye almak uyarlama gelistirmelere testleri yapmak tamamlanan projeleri birimlerinin kullanimina devretmek anahtar kullanicilara egitim kullanici canli destegini vermek sistemiyle iliskide olan diger sistemlerle veri alis verislerini saglikli sekilde yonetmek,modul uzmani,sap
64,uygulamalarinda deneyimli zamanli proje tecrubesine sahip finans muhasebe alanlarinda surec bilgisi olan derecede ngilizce bilgisine sahip tercihen hana sisteminde calismalari bulunan ekip calismasina analitik dusunce yapisina yatkin iletisim becerileri yuksek zaman yonetiminde basarili derecede office uygulamalarini kullanabilen word excel powerpoint outlook arastirmaci sorumluluk sahibi olan yurutulen projelerde gorevlendirilmek uzere modul uzmani arayisimiz bulunmaktadir tanimi talep analizi ihtiyac duyulan uygulamalarin gelistirilmesi test canliya aktarim calismalarinin yurutulmesi lgili modul uyarlamalarinin yapilmasi modul bazli gelen destek degisiklik taleplerinin karsilanmasi gerektiginde sorumlu olunan uygulamalarin test senaryolarinin olusturulmasi testlerinin yapilmasi talep projelerin takibinin yapilmasi birimlerinin ihtiyaclarinin belirlenmesi analizi onceliklendirilmesi gelistirilmesi talep beklentilerin yonetilmesi tamamlanan projelerin birimlerinin kullanimina devredilmesi anahtar kullanicilara egitim kullanici desteginin verilmesi analiz tasarim sistem uzerinde uyarlama yapilmasi canli kullanim destegi verilmesi,modul uzmani,sap
65,makineleri sektorunde lider konumda bulunan dromek bilgi teknolojileri mudurlugu bunyesinde ankara gorevlendirmek uzere universitelerin endustri sletme muhendisligi enformatik sletme enformatigi bolumlerinden mezun modullerinde deneyim sahibi modul bilgisi bulunan ekip calismasina yatkin guclu iletisim yetenegine sahip derecede ngilizce bilgisine sahip bolumlerin ihtiyaclari dogrultusunda cozum uretebilecek yeni nesil raporlama araclari konusunda deneyimli power modul uzmani alinacaktir tanimi modulunde satis sevkiyat faturalama irsaliye sureclerinde tasarimlarin yapilmasi sureclerinin analiz edilmesi modulu ilgili gelistirme ihtiyaclarinin karsilanmasi moduller ilgili iletilen problemlerin analiz edilmesi cozumlenmesi bagli ekiplerin danismanlarin planinin yapilmasi,modul uzmani,sap
66,navision fonksiyonel danisman universitelerin ilgili bolumlerinden mezun navision fonksiyonel danisman olarak deneyimli tercihen derecede ingilizce bilen kendini gelistirmeye acik analitik dusunen ekip calismasina yatkin danismanligini yapmakta oldugumuz maslak yerlesik microsoft navision partneri olan musterimiz bunyesinde navision danismani olarak alim yapilacaktir firmamiz turkiye kurumu tarih numarali izin belgesi faaliyet gostermektedir,navision danismani,sap
67,apec grasp every opportunity surprise others ourselves going beyond expectations deliver extra call exceeding potential role maintains grows revenue streams from assigned client accounts prospects developing maintaining relationships with client leveraging apec internal resources ensure maximum revenues generated over longer term accountabilities maintains grows revenue streams from assigned client accounts developing maintaining relationships with client ensures that client receives products services agreed standards quality time effectively overseeing monitoring those deliver work taking corrective action including escalation when necessary guarantee client satisfaction sustainable financial results responds appropriate timely client needs navigates wide variety existing processes procedures engineering services prepares presentations proposals sales contracts participate events communicates product service opportunities special developments information feedback gathered through field activity provides accurate pipelines forecasts skills experience years experience marketing product management engineering proven track record developing successful communication both traditional digital channels highly professional with strong interpersonal skills able build trust confidence others excellent communication skills including ability give presentations senior audiences strong business entrepreneurial spirit high resilience degree business administration business management sales marketing related field equivalent work experience excellent oral written communication turkish english data driven decision maker self motivated hands marketer operate with limited resources prior experience startups engineering companies availability travel needed,customer relationship manager,sap
68,genel nitelikler tercihen universitelerin endustri bilisim sistemleri matematik muhendisligi bolumlerinden mezun minimum tecrubeli tercihen retail retail office programlarina hakim ogrenmeye kendini gelistirmeye acik analitik dusunebilen problem cozumu koordinasyon becerileri gelismis guclu sozlu yazili iletisim becerisine sahip cobit disiplininde calismis satinalma depo yonetimi kalite sevkiyat sureclerine hakim perakende sektoru hakkinda bilgi sahibi tanimi retail satinalma satis stok depo yonetimi modullerinin sistemsel talepleri ihtiyaclari analiz ederek cozum uretecek kendine bagli ekip birlikte cozumleri surec sahipleri tartisarak karara baglatacak modul danismanlari birlikte sistemsel uyarlama gelistirmelerin yapilmasini yonetecek testlerin yapilmasini dokumante edilmesini saglayacak egitimlerini verebilecek uctan sureci takip edecek umraniye merkezde gorev alacak retail proje yoneticisi arayisimiz bulunmaktadir,retail proje yoneticisi,sap
69,genel nitelikler tercihen universitelerin ktisat sletme finans endustri matematik muhendisligi bolumlerinden mezun minimum tecrubeli tercihen retail office programlarina hakim ogrenmeye kendini gelistirmeye acik analitik dusunebilen problem cozumu koordinasyon becerileri gelismis guclu sozlu yazili iletisim becerisine sahip cobit disiplininde calismis depo yonetimi kalite sevkiyat satin alma sureclerine hakim perakende sektoru hakkinda bilgi sahibi tanimi finans maliyet muhasebesi duran varlik yonetimi karlilik gayrimenkul yonetimi modullerinin sistemsel talepleri ihtiyaclari analiz ederek cozum uretecek kendine bagli ekip birlikte cozumleri surec sahipleri tartisarak karara baglatacak modul danismanlari birlikte sistemsel uyarlama gelistirmelerin yapilmasini yonetecek testlerin yapilmasini dokumante edilmesini saglayacak egitimlerini verebilecek uctan sureci takip edecek umraniye merkezde gorev alacak proje yoneticisi arayisimiz bulunmaktadir,proje yoneticisi,sap
70,data sirketler grubunun parcasi dunyaya guclu cozumleri sunan itelligence istiraki platinium partner olan itelligence turkiye kurumsal yazilim cozumleri danismanligi alaninda turkiye lider servis saglayicisi olarak yilindan beri hizmet vermektedir buyuyen organizasyonumuz icin yurtici yurtdisi projelerimizde ekibimizin parcasi olacak destek kidemli danismani ariyoruz modulu danismanliginda deneyimli full cycle projelerinde gorev almis analitik dusunme yetenegine sahip musteri ihtiyaclari dogrultusunda cozum uretebilecek ekip calismasina yatkin sirketimizin dinamik yapisina uyum saglayabilecek guclu iletisim yetenegine sahip derecede ngilizce bilen esnek calisma saatlerine uyum gosterebilecek yurtici seyahat engeli olmayan,kidemli danismani,sap
71,grup bilgi sistemleri mudurlugu bunyesinde isparta bulunan fabrikalarimiz icin stanbul gorevlendirmek uzere universitelerin endustri sletme matematik muhendisligi enformatik sletme enformatigi bolumlerinden mezun modul deneyim sahibi minimum projesi gerceklestirmis canliya gecis sonrasi kullanici desteginde gorev almis tercihen veya modul bilgisi olan modulleri kantar yazilimi entegrasyonu yapmis ekip calismasina yatkin guclu iletisim yetenegine sahip derecede ngilizce bilgisine sahip bolumlerin ihtiyaclari dogrultusunda cozum uretebilecek modul uzmani alinacaktir tanimi modulunde satis sevkiyat fiyatlandirma faturalama irsaliye sureclerindeki tasarimlari yapmak fatura arsiv fatura irsaliye sureclerinde entegrator firmalar iletisim halinde olup cikan sorunlari gidermek yasal degisiklikleri yapmak raporlama ihtiyaclari sorunlari icin abap uzmani birlikte calismak sureclerinin analiz edilmesi modulu ilgili gelistirme ihtiyaclarini karsilamak moduller ilgili iletilen problemlerin analiz edilmesi cozumlemek lojistik ekiplerin danismanlarin planini yapmak,uzmani,sap
72,firmamizda muhendisi olarak gorevlendirmek uzere asagidaki niteliklere sahip takim arkadaslari ariyoruz genel nitelikler universitelerin bilgisayar yazilim fizik matematik muhendisligi bolumlerinden mezun tercihen yuksek lisans mezunu derecede ngilizce bilgisi olan tercihen almanca bilen uretim sektorunde sistemleri uzerinde yazilim gelistirme tecrubesine sahip duzeyde mssql bilen tercihen troia yazilim diline hakim yazilim dili konusunda aktif olarak uygulama gelistirmis veya android isletim sistemleri icin yazilim gelistirme bilgisine sahip takim calismasina yatkin analitik dinamik cozum odakli hedef odakli neden sonuc iliskisini kurabilen yuksek tempolu calisma ortamina uyum saglayabilecek merakli arastirmaci sorgulayici proje yonetim tecrubesine sahip kendini gelistirmeye istekli sistemlerine ilgi duyan sektorel gelismeleri takip eden surekli iyilestirme yaklasimina sistematik calisma becerisine sahip aydin ikamet eden edebilecek takim arkadasi aramaktayiz tanimi canias sistemi uzerinde troia dili kendisine iletilen gelistirme analizine uygun olarak yazilim gelistirmek testlerini yapmak canli kullanima almak surec sahiplerinin sistemi ilgili destek vermek karsilasilan hatalarin cozumunu saglamak sistemini kullanilabilir tutmak icin gerekli faaliyetleri yurutmek yama guncelleme gibi eklentileri sisteme uygulamak sureclere karsilasilan sorunlara mantigi yaklasarak cozumler uretmek yeni fikirler gelistirmek yazilim gelistirme iyilestirme calismalari kapsaminda diger tasarim ekipleriyle beraber ortak calisma yurutmek gerekli egitim dokumanlarinin hazirlanmasina yardimci olmak gelistirdigi sureclerin akislarini cikarmak,muhendisi,sap
73,kocsistem bilgi teknolojileri grup yoneticiligi bunyesinde modulleri uzerinde yapilan abap gelistirmelerinde gorevlendirilmek uzere asagidaki ozelliklere sahip abap gelistirici aranmaktadir egitimini universitelerin bilgisayar bilgisayar programciligi matematik muhendisligi elektronik endustri muhendisligi bolumlerinde tamamlamis basis veya abap programlama dilinde deneyim kazanmis fiori konusunda bilgi sahibi veya tecrubeli abap object orient tecrubesi servis olusturma consume etme tecrubesi sistem mimarisi yonetimi konusunda tecrubeli modulleri ilgili temel isleyis konularinda bilgi sahibi analitik dusunme problem cozme becerisi yuksek guclu iletisim yetenegi olan yeni teknolojileri konusunda bilgi sahibi veya ogrenmeye acik,abap danismani,sap
74,universitelerin yillik bilgisayar matematik bolumlerinden mezun minimum yillik hangi modullunde tecrube sahibi tecrube sahibi minimum yillik abap webdynpro brfplus gibi konularda tecrube sahibi arastirmaci aktif analitik dusunebilen derecede ngilizce bilgisine sahip esnek calisma saatlerine uyabilecek takim calismasina yatkin seyahat engeli olmayan ozellikle yurt disi projelerde gorev alacak,veri teknik danisman,sap
75,modul uzmani universitelerin bilgisayar muhendisligi endustri muhendisligi elektrik elektronik muhendisligi bolumlerinden mezun lgili alanda deneyime sahip modullerinden birinde uzman diger modullerde bilgiye sahip seviyede ngilizce bilen tercihen otomotiv sektorunde deneyim sahibi proje yonetimi altyapilari hakkinda bilgi sahibi ekip calismasina yatkin guclu iletisim becerisine sahip analitik dusunme problem cozme karar alma planlama becerisine sahip erkek adaylar icin askerlik gorevini tamamlamis tanimi modulleriyle ilgili taleplerin analizini yapmak birimler arasi modulleriyle ilgili cikan problemleri cozmek mevcut yeni projelerin surec takibini yapmak kullanici taleplerini degerlendirmek talep edilen gelistirmelerin uygunlugunu analiz etmek yapiya uygun olacak sekilde gelistirmeleri planlamak gerceklestirmek teknik fonksiyonel spektler hazirlamak surec analizleri yapmak kullanici dokumani olusturmak kullanicilarla test yapmak sistemle ilgili egitimleri vermek,modul uzmani,sap
76,danismanligini yurutmekte oldugumuz uretim sektorunde bulunan musterimizin projelerinde gorevlendirilmek uzere derecede almanca bilen danismanlari aranmaktadir seyahat etme kisiti olmayan uluslararasi projelerde calismak isteyen deneyimli adaylarin lerini bekliyoruz,danismani,sap
77,genel teli kler modulunde tecrubesine sahip tercihen gibi lojistik modullerden biri hakkinda bilgi sahibi tercihen cevre sistemler entegrasyon konusunda bilgi sahibi idoc webservice temel seviye abap okuma debug bilgisi olan kurumsal projelerde proje yonetim standartlarinda calismis analitik dusunce yapisina sahip tanimi modulu ilgili analiz gelistirme uyarlama uygulamalarin yurutulmesi depo stok yonetim surecleri satin alma surecleri uzerindeki uretim bakim teknik servis surec destek faaliyetlerinin surdurulmesi musteri talep ihtiyaclarinin analiz edilerek gerekli cozumun tasarlanmasi sirket holding proje yonetim prosedurlerine uygun sekilde projelerin yurutulmesi uyarlama gelistirmelere testlerin gerceklestirilmesi birimi testlerin koordine edilmesi uygulama desteginin verilmesi proje yonetimi kapsaminda projelerin beklenen kalitede hedeflenen zamanda standartlarina uygun olarak tamamlanmasinin saglanmasi sureclerine uygun dokumantasyonun yapilmasi gerektiginde abap kaynak yonetiminin yapilmasi teknoloji sureclerinin iyilestirilmesine yonelik faaliyetlerde bulunulmasi,modul sorumlusu,sap
